report_id,data_source
1,original
2,original
3,original
4,original
5,original
6,original
7,original
8,original
9,original
10,original
11,original
12,original
13,original
14,original
15,original
16,original
17,original
18,original
19,original
20,original
21,original
22,original
23,original
24,original
25,original
26,original
27,original
28,original
29,original
30,original
31,original
32,original
33,original
34,original
35,original
36,original
37,original
38,original
39,original
40,original
41,original
42,original
43,original
44,original
45,original
46,original
47,original
48,original
49,original
50,original
51,original
52,original
53,original
54,original
55,original
56,original
57,original
58,original
59,original
60,original
61,original
62,original
63,original
64,original
65,original
66,original
67,original
68,original
69,original
70,original
71,original
72,original
73,original
74,original
75,original
76,original
77,original
78,original
79,original
80,original
81,original
82,original
83,original
84,original
85,original
86,original
87,original
88,original
89,original
90,original
91,original
92,original
93,original
94,original
95,original
96,original
97,original
98,original
99,original
100,original
101,original
102,original
103,original
104,original
105,original
106,original
107,original
108,original
109,original
110,original
111,original
112,original
113,original
114,original
115,original
116,original
117,original
118,original
119,original
120,original
121,original
122,original
123,original
124,original
125,original
126,original
127,original
128,original
129,original
130,original
131,original
132,original
133,original
134,original
135,original
136,original
137,original
138,original
139,original
140,original
141,original
142,original
143,original
144,original
145,original
146,original
147,original
148,original
149,original
150,original
151,original
152,original
153,original
154,original
155,original
156,original
157,original
158,original
159,original
160,original
161,original
162,original
163,original
164,original
165,original
166,original
167,original
168,original
169,original
170,original
171,original
172,original
173,original
174,original
175,original
176,original
177,original
178,original
179,original
180,original
181,original
182,original
183,original
184,original
185,original
186,original
187,original
188,original
189,original
190,original
191,original
192,original
193,original
194,original
195,original
196,original
197,original
198,original
199,original
200,original
201,original
202,original
203,original
204,original
205,original
206,original
207,original
208,original
209,original
210,original
211,original
212,original
213,original
214,original
215,original
216,original
217,original
218,original
219,original
220,original
221,original
222,original
223,original
224,original
225,original
226,original
227,original
228,original
229,original
230,original
231,original
232,original
233,original
234,original
235,original
236,original
237,original
238,original
239,original
240,original
241,original
242,original
243,original
244,original
245,original
246,original
247,original
248,original
249,original
250,original
251,original
252,original
253,original
254,original
255,original
256,original
257,original
258,original
259,original
260,original
261,original
262,original
263,original
264,original
265,original
266,original
267,original
268,original
269,original
270,original
271,original
272,original
273,original
274,original
275,original
276,original
277,original
278,original
279,original
280,original
281,original
282,original
283,original
284,original
285,original
286,original
287,original
288,original
289,original
290,original
291,original
292,original
293,original
294,original
295,original
296,original
297,original
298,original
299,original
300,original
301,original
302,original
303,original
304,original
305,original
306,original
307,original
308,original
309,original
310,original
311,original
312,original
313,original
314,original
315,original
316,original
317,original
318,original
319,synthetic
320,synthetic
321,synthetic
322,synthetic
323,synthetic
324,synthetic
325,synthetic
326,synthetic
327,synthetic
328,synthetic
329,synthetic
330,synthetic
331,synthetic
332,synthetic
333,synthetic
334,synthetic
335,synthetic
336,synthetic
337,synthetic
338,synthetic
339,synthetic
340,synthetic
341,synthetic
342,synthetic
343,synthetic
344,synthetic
345,synthetic
346,synthetic
347,synthetic
348,synthetic
349,synthetic
350,synthetic
351,synthetic
352,synthetic
353,synthetic
354,synthetic
355,synthetic
356,synthetic
357,synthetic
358,synthetic
359,synthetic
360,synthetic
361,synthetic
362,synthetic
363,synthetic
364,synthetic
365,synthetic
366,synthetic
367,synthetic
368,synthetic
369,synthetic
370,synthetic
371,synthetic
372,synthetic
373,synthetic
374,synthetic
375,synthetic
376,synthetic
377,synthetic
378,synthetic
379,synthetic
380,synthetic
381,synthetic
382,synthetic
383,synthetic
384,synthetic
385,synthetic
386,synthetic
387,synthetic
388,synthetic
389,synthetic
390,synthetic
391,synthetic
392,synthetic
393,synthetic
394,synthetic
395,synthetic
396,synthetic
397,synthetic
398,synthetic
399,synthetic
400,synthetic
401,synthetic
402,synthetic
403,synthetic
404,synthetic
405,synthetic
406,synthetic
407,synthetic
408,synthetic
409,synthetic
410,synthetic
411,synthetic
412,synthetic
413,synthetic
414,synthetic
415,synthetic
416,synthetic
417,synthetic
418,synthetic
419,synthetic
420,synthetic
421,synthetic
422,synthetic
423,synthetic
424,synthetic
425,synthetic
426,synthetic
427,synthetic
428,synthetic
429,synthetic
430,synthetic
431,synthetic
432,synthetic
433,synthetic
434,synthetic
435,synthetic
436,synthetic
437,synthetic
438,synthetic
439,synthetic
440,synthetic
441,synthetic
442,synthetic
443,synthetic
444,synthetic
445,synthetic
446,synthetic
447,synthetic
448,synthetic
449,synthetic
450,synthetic
451,synthetic
452,synthetic
453,synthetic
454,synthetic
455,synthetic
456,synthetic
457,synthetic
458,synthetic
459,synthetic
460,synthetic
461,synthetic
462,synthetic
463,synthetic
464,synthetic
465,synthetic
466,synthetic
467,synthetic
468,synthetic
469,synthetic
470,synthetic
471,synthetic
472,synthetic
473,synthetic
474,synthetic
475,synthetic
476,synthetic
477,synthetic
478,synthetic
479,synthetic
480,synthetic
481,synthetic
482,synthetic
483,synthetic
484,synthetic
485,synthetic
486,synthetic
487,synthetic
488,synthetic
489,synthetic
490,synthetic
491,synthetic
492,synthetic
493,synthetic
494,synthetic
495,synthetic
496,synthetic
497,synthetic
498,synthetic
499,synthetic
500,synthetic
501,synthetic
502,synthetic
503,synthetic
504,synthetic
505,synthetic
506,synthetic
507,synthetic
508,synthetic
509,synthetic
510,synthetic
511,synthetic
512,synthetic
513,synthetic
514,synthetic
515,synthetic
516,synthetic
517,synthetic
518,synthetic
519,synthetic
520,synthetic
521,synthetic
522,synthetic
523,synthetic
524,synthetic
525,synthetic
526,synthetic
527,synthetic
528,synthetic
529,synthetic
530,synthetic
531,synthetic
532,synthetic
533,synthetic
534,synthetic
535,synthetic
536,synthetic
537,synthetic
538,synthetic
539,synthetic
540,synthetic
541,synthetic
542,synthetic
543,synthetic
544,synthetic
545,synthetic
546,synthetic
547,synthetic
548,synthetic
549,synthetic
550,synthetic
551,synthetic
552,synthetic
553,synthetic
554,synthetic
555,synthetic
556,synthetic
557,synthetic
558,synthetic
559,synthetic
560,synthetic
561,synthetic
562,synthetic
563,synthetic
564,synthetic
565,synthetic
566,synthetic
567,synthetic
568,synthetic
569,synthetic
570,synthetic
571,synthetic
572,synthetic
573,synthetic
574,synthetic
575,synthetic
576,synthetic
577,synthetic
578,synthetic
579,synthetic
580,synthetic
581,synthetic
582,synthetic
583,synthetic
584,synthetic
585,synthetic
586,synthetic
587,synthetic
588,synthetic
589,synthetic
590,synthetic
591,synthetic
592,synthetic
593,synthetic
594,synthetic
595,synthetic
596,synthetic
597,synthetic
598,synthetic
599,synthetic
600,synthetic
601,synthetic
602,synthetic
603,synthetic
604,synthetic
605,synthetic
606,synthetic
607,synthetic
608,synthetic
609,synthetic
610,synthetic
611,synthetic
612,synthetic
613,synthetic
614,synthetic
615,synthetic
616,synthetic
617,synthetic
618,synthetic
619,synthetic
620,synthetic
621,synthetic
622,synthetic
623,synthetic
624,synthetic
625,synthetic
626,synthetic
627,synthetic
628,synthetic
629,synthetic
630,synthetic
631,synthetic
632,synthetic
633,synthetic
634,synthetic
635,synthetic
636,synthetic
637,synthetic
638,synthetic
639,synthetic
640,synthetic
641,synthetic
642,synthetic
643,synthetic
644,synthetic
645,synthetic
646,synthetic
647,synthetic
648,synthetic
649,synthetic
650,synthetic
651,synthetic
652,synthetic
653,synthetic
654,synthetic
655,synthetic
656,synthetic
657,synthetic
658,synthetic
659,synthetic
660,synthetic
661,synthetic
662,synthetic
663,synthetic
664,synthetic
665,synthetic
666,synthetic
667,synthetic
668,synthetic
669,synthetic
670,synthetic
671,synthetic
672,synthetic
673,synthetic
674,synthetic
675,synthetic
676,synthetic
677,synthetic
678,synthetic
679,synthetic
680,synthetic
681,synthetic
682,synthetic
683,synthetic
684,synthetic
685,synthetic
686,synthetic
687,synthetic
688,synthetic
689,synthetic
690,synthetic
691,synthetic
692,synthetic
693,synthetic
694,synthetic
695,synthetic
696,synthetic
697,synthetic
698,synthetic
699,synthetic
700,synthetic
701,synthetic
702,synthetic
703,synthetic
704,synthetic
705,synthetic
706,synthetic
707,synthetic
708,synthetic
709,synthetic
710,synthetic
711,synthetic
712,synthetic
713,synthetic
714,synthetic
715,synthetic
716,synthetic
717,synthetic
718,synthetic
719,synthetic
720,synthetic
721,synthetic
722,synthetic
723,synthetic
724,synthetic
725,synthetic
726,synthetic
727,synthetic
728,synthetic
729,synthetic
730,synthetic
731,synthetic
732,synthetic
733,synthetic
734,synthetic
735,synthetic
736,synthetic
737,synthetic
738,synthetic
739,synthetic
740,synthetic
741,synthetic
742,synthetic
743,synthetic
744,synthetic
745,synthetic
746,synthetic
747,synthetic
748,synthetic
749,synthetic
750,synthetic
751,synthetic
752,synthetic
753,synthetic
754,synthetic
755,synthetic
756,synthetic
757,synthetic
758,synthetic
759,synthetic
760,synthetic
761,synthetic
762,synthetic
763,synthetic
764,synthetic
765,synthetic
766,synthetic
767,synthetic
768,synthetic
769,synthetic
770,synthetic
771,synthetic
772,synthetic
773,synthetic
774,synthetic
775,synthetic
776,synthetic
777,synthetic
778,synthetic
779,synthetic
780,synthetic
781,synthetic
782,synthetic
783,synthetic
784,synthetic
785,synthetic
786,synthetic
787,synthetic
788,synthetic
789,synthetic
790,synthetic
791,synthetic
792,synthetic
793,synthetic
794,synthetic
795,synthetic
796,synthetic
797,synthetic
798,synthetic
799,synthetic
800,synthetic
801,synthetic
802,synthetic
803,synthetic
804,synthetic
805,synthetic
806,synthetic
807,synthetic
808,synthetic
809,synthetic
810,synthetic
811,synthetic
812,synthetic
813,synthetic
814,synthetic
815,synthetic
816,synthetic
817,synthetic
818,synthetic
819,synthetic
820,synthetic
821,synthetic
822,synthetic
823,synthetic
824,synthetic
825,synthetic
826,synthetic
827,synthetic
828,synthetic
829,synthetic
830,synthetic
831,synthetic
832,synthetic
833,synthetic
834,synthetic
835,synthetic
836,synthetic
837,synthetic
838,synthetic
839,synthetic
840,synthetic
841,synthetic
842,synthetic
843,synthetic
844,synthetic
845,synthetic
846,synthetic
847,synthetic
848,synthetic
849,synthetic
850,synthetic
851,synthetic
852,synthetic
853,synthetic
854,synthetic
855,synthetic
856,synthetic
857,synthetic
858,synthetic
859,synthetic
860,synthetic
861,synthetic
862,synthetic
863,synthetic
864,synthetic
865,synthetic
866,synthetic
867,synthetic
868,synthetic
869,synthetic
870,synthetic
871,synthetic
872,synthetic
873,synthetic
874,synthetic
875,synthetic
876,synthetic
877,synthetic
878,synthetic
879,synthetic
880,synthetic
881,synthetic
882,synthetic
883,synthetic
884,synthetic
885,synthetic
886,synthetic
887,synthetic
888,synthetic
889,synthetic
890,synthetic
891,synthetic
892,synthetic
893,synthetic
894,synthetic
895,synthetic
896,synthetic
897,synthetic
898,synthetic
899,synthetic
900,synthetic
901,synthetic
902,synthetic
903,synthetic
904,synthetic
905,synthetic
906,synthetic
907,synthetic
908,synthetic
909,synthetic
910,synthetic
911,synthetic
912,synthetic
913,synthetic
914,synthetic
915,synthetic
916,synthetic
917,synthetic
918,synthetic
919,synthetic
920,synthetic
921,synthetic
922,synthetic
923,synthetic
924,synthetic
925,synthetic
926,synthetic
927,synthetic
928,synthetic
929,synthetic
930,synthetic
931,synthetic
932,synthetic
933,synthetic
934,synthetic
935,synthetic
936,synthetic
937,synthetic
938,synthetic
939,synthetic
940,synthetic
941,synthetic
942,synthetic
943,synthetic
944,synthetic
945,synthetic
946,synthetic
947,synthetic
948,synthetic
949,synthetic
950,synthetic
951,synthetic
952,synthetic
953,synthetic
954,synthetic
955,synthetic
956,synthetic
957,synthetic
958,synthetic
959,synthetic
960,synthetic
961,synthetic
962,synthetic
963,synthetic
964,synthetic
965,synthetic
966,synthetic
967,synthetic
968,synthetic
969,synthetic
970,synthetic
971,synthetic
972,synthetic
973,synthetic
974,synthetic
975,synthetic
976,synthetic
977,synthetic
978,synthetic
979,synthetic
980,synthetic
981,synthetic
982,synthetic
983,synthetic
984,synthetic
985,synthetic
986,synthetic
987,synthetic
988,synthetic
989,synthetic
990,synthetic
991,synthetic
992,synthetic
993,synthetic
994,synthetic
995,synthetic
996,synthetic
997,synthetic
998,synthetic
999,synthetic
1000,synthetic
1001,synthetic
1002,synthetic
1003,synthetic
1004,synthetic
1005,synthetic
1006,synthetic
1007,synthetic
1008,synthetic
1009,synthetic
1010,synthetic
1011,synthetic
1012,synthetic
1013,synthetic
1014,synthetic
1015,synthetic
1016,synthetic
1017,synthetic
1018,synthetic
1019,synthetic
1020,synthetic
1021,synthetic
1022,synthetic
1023,synthetic
1024,synthetic
1025,synthetic
1026,synthetic
1027,synthetic
1028,synthetic
1029,synthetic
1030,synthetic
1031,synthetic
1032,synthetic
1033,synthetic
1034,synthetic
1035,synthetic
1036,synthetic
1037,synthetic
1038,synthetic
1039,synthetic
1040,synthetic
1041,synthetic
1042,synthetic
1043,synthetic
1044,synthetic
1045,synthetic
1046,synthetic
1047,synthetic
1048,synthetic
1049,synthetic
1050,synthetic
1051,synthetic
1052,synthetic
1053,synthetic
1054,synthetic
1055,synthetic
1056,synthetic
1057,synthetic
1058,synthetic
1059,synthetic
1060,synthetic
1061,synthetic
1062,synthetic
1063,synthetic
1064,synthetic
1065,synthetic
1066,synthetic
1067,synthetic
1068,synthetic
1069,synthetic
1070,synthetic
1071,synthetic
1072,synthetic
1073,synthetic
1074,synthetic
1075,synthetic
1076,synthetic
1077,synthetic
1078,synthetic
1079,synthetic
1080,synthetic
1081,synthetic
1082,synthetic
1083,synthetic
1084,synthetic
1085,synthetic
1086,synthetic
1087,synthetic
1088,synthetic
1089,synthetic
1090,synthetic
1091,synthetic
1092,synthetic
1093,synthetic
1094,synthetic
1095,synthetic
1096,synthetic
1097,synthetic
1098,synthetic
1099,synthetic
1100,synthetic
1101,synthetic
1102,synthetic
1103,synthetic
1104,synthetic
1105,synthetic
1106,synthetic
1107,synthetic
1108,synthetic
1109,synthetic
1110,synthetic
1111,synthetic
1112,synthetic
1113,synthetic
1114,synthetic
1115,synthetic
1116,synthetic
1117,synthetic
1118,synthetic
1119,synthetic
1120,synthetic
1121,synthetic
1122,synthetic
1123,synthetic
1124,synthetic
1125,synthetic
1126,synthetic
1127,synthetic
1128,synthetic
1129,synthetic
1130,synthetic
1131,synthetic
1132,synthetic
1133,synthetic
1134,synthetic
1135,synthetic
1136,synthetic
1137,synthetic
1138,synthetic
1139,synthetic
1140,synthetic
1141,synthetic
1142,synthetic
1143,synthetic
1144,synthetic
1145,synthetic
1146,synthetic
1147,synthetic
1148,synthetic
1149,synthetic
1150,synthetic
1151,synthetic
1152,synthetic
1153,synthetic
1154,synthetic
1155,synthetic
1156,synthetic
1157,synthetic
1158,synthetic
1159,synthetic
1160,synthetic
1161,synthetic
1162,synthetic
1163,synthetic
1164,synthetic
1165,synthetic
1166,synthetic
1167,synthetic
1168,synthetic
1169,synthetic
1170,synthetic
1171,synthetic
1172,synthetic
1173,synthetic
1174,synthetic
1175,synthetic
1176,synthetic
1177,synthetic
1178,synthetic
1179,synthetic
1180,synthetic
1181,synthetic
1182,synthetic
1183,synthetic
1184,synthetic
1185,synthetic
1186,synthetic
1187,synthetic
1188,synthetic
1189,synthetic
1190,synthetic
1191,synthetic
1192,synthetic
1193,synthetic
1194,synthetic
1195,synthetic
1196,synthetic
1197,synthetic
1198,synthetic
1199,synthetic
1200,synthetic
1201,synthetic
1202,synthetic
1203,synthetic
1204,synthetic
1205,synthetic
1206,synthetic
1207,synthetic
1208,synthetic
1209,synthetic
1210,synthetic
1211,synthetic
1212,synthetic
1213,synthetic
1214,synthetic
1215,synthetic
1216,synthetic
1217,synthetic
1218,synthetic
1219,synthetic
1220,synthetic
1221,synthetic
1222,synthetic
1223,synthetic
1224,synthetic
1225,synthetic
1226,synthetic
1227,synthetic
1228,synthetic
1229,synthetic
1230,synthetic
1231,synthetic
1232,synthetic
1233,synthetic
1234,synthetic
1235,synthetic
1236,synthetic
1237,synthetic
1238,synthetic
1239,synthetic
1240,synthetic
1241,synthetic
1242,synthetic
1243,synthetic
1244,synthetic
1245,synthetic
1246,synthetic
1247,synthetic
1248,synthetic
1249,synthetic
1250,synthetic
1251,synthetic
1252,synthetic
1253,synthetic
1254,synthetic
1255,synthetic
1256,synthetic
1257,synthetic
1258,synthetic
1259,synthetic
1260,synthetic
1261,synthetic
1262,synthetic
1263,synthetic
1264,synthetic
1265,synthetic
1266,synthetic
1267,synthetic
1268,synthetic
1269,synthetic
1270,synthetic
1271,synthetic
1272,synthetic
1273,synthetic
1274,synthetic
1275,synthetic
1276,synthetic
1277,synthetic
1278,synthetic
1279,synthetic
1280,synthetic
1281,synthetic
1282,synthetic
1283,synthetic
1284,synthetic
1285,synthetic
1286,synthetic
1287,synthetic
1288,synthetic
1289,synthetic
1290,synthetic
1291,synthetic
1292,synthetic
1293,synthetic
1294,synthetic
1295,synthetic
1296,synthetic
1297,synthetic
1298,synthetic
1299,synthetic
1300,synthetic
1301,synthetic
1302,synthetic
1303,synthetic
1304,synthetic
1305,synthetic
1306,synthetic
1307,synthetic
1308,synthetic
1309,synthetic
1310,synthetic
1311,synthetic
1312,synthetic
1313,synthetic
1314,synthetic
1315,synthetic
1316,synthetic
1317,synthetic
1318,synthetic
1319,synthetic
1320,synthetic
1321,synthetic
1322,synthetic
1323,synthetic
1324,synthetic
1325,synthetic
1326,synthetic
1327,synthetic
1328,synthetic
1329,synthetic
1330,synthetic
1331,synthetic
1332,synthetic
1333,synthetic
1334,synthetic
1335,synthetic
1336,synthetic
1337,synthetic
1338,synthetic
1339,synthetic
1340,synthetic
1341,synthetic
1342,synthetic
1343,synthetic
1344,synthetic
1345,synthetic
1346,synthetic
1347,synthetic
1348,synthetic
1349,synthetic
1350,synthetic
1351,synthetic
1352,synthetic
1353,synthetic
1354,synthetic
1355,synthetic
1356,synthetic
1357,synthetic
1358,synthetic
1359,synthetic
1360,synthetic
1361,synthetic
1362,synthetic
1363,synthetic
1364,synthetic
1365,synthetic
1366,synthetic
1367,synthetic
1368,synthetic
1369,synthetic
1370,synthetic
1371,synthetic
1372,synthetic
1373,synthetic
1374,synthetic
1375,synthetic
1376,synthetic
1377,synthetic
1378,synthetic
1379,synthetic
1380,synthetic
1381,synthetic
1382,synthetic
1383,synthetic
1384,synthetic
1385,synthetic
1386,synthetic
1387,synthetic
1388,synthetic
1389,synthetic
1390,synthetic
1391,synthetic
1392,synthetic
1393,synthetic
1394,synthetic
1395,synthetic
1396,synthetic
1397,synthetic
1398,synthetic
1399,synthetic
1400,synthetic
1401,synthetic
1402,synthetic
1403,synthetic
1404,synthetic
1405,synthetic
1406,synthetic
1407,synthetic
1408,synthetic
1409,synthetic
1410,synthetic
1411,synthetic
1412,synthetic
1413,synthetic
1414,synthetic
1415,synthetic
1416,synthetic
1417,synthetic
1418,synthetic
1419,synthetic
1420,synthetic
1421,synthetic
1422,synthetic
1423,synthetic
1424,synthetic
1425,synthetic
1426,synthetic
1427,synthetic
1428,synthetic
1429,synthetic
1430,synthetic
1431,synthetic
1432,synthetic
1433,synthetic
1434,synthetic
1435,synthetic
1436,synthetic
1437,synthetic
1438,synthetic
1439,synthetic
1440,synthetic
1441,synthetic
1442,synthetic
1443,synthetic
1444,synthetic
1445,synthetic
1446,synthetic
1447,synthetic
1448,synthetic
1449,synthetic
1450,synthetic
1451,synthetic
1452,synthetic
1453,synthetic
1454,synthetic
1455,synthetic
1456,synthetic
1457,synthetic
1458,synthetic
1459,synthetic
1460,synthetic
1461,synthetic
1462,synthetic
1463,synthetic
1464,synthetic
1465,synthetic
1466,synthetic
1467,synthetic
1468,synthetic
1469,synthetic
1470,synthetic
1471,synthetic
1472,synthetic
1473,synthetic
1474,synthetic
1475,synthetic
1476,synthetic
1477,synthetic
1478,synthetic
1479,synthetic
1480,synthetic
1481,synthetic
1482,synthetic
1483,synthetic
1484,synthetic
1485,synthetic
1486,synthetic
1487,synthetic
1488,synthetic
1489,synthetic
1490,synthetic
1491,synthetic
1492,synthetic
1493,synthetic
1494,synthetic
1495,synthetic
1496,synthetic
1497,synthetic
1498,synthetic
1499,synthetic
1500,synthetic
1501,synthetic
1502,synthetic
1503,synthetic
1504,synthetic
1505,synthetic
1506,synthetic
1507,synthetic
1508,synthetic
1509,synthetic
1510,synthetic
1511,synthetic
1512,synthetic
1513,synthetic
1514,synthetic
1515,synthetic
1516,synthetic
1517,synthetic
1518,synthetic
1519,synthetic
1520,synthetic
1521,synthetic
1522,synthetic
1523,synthetic
1524,synthetic
1525,synthetic
1526,synthetic
1527,synthetic
1528,synthetic
1529,synthetic
1530,synthetic
1531,synthetic
1532,synthetic
1533,synthetic
1534,synthetic
1535,synthetic
1536,synthetic
1537,synthetic
1538,synthetic
1539,synthetic
1540,synthetic
1541,synthetic
1542,synthetic
1543,synthetic
1544,synthetic
1545,synthetic
1546,synthetic
1547,synthetic
1548,synthetic
1549,synthetic
1550,synthetic
1551,synthetic
1552,synthetic
1553,synthetic
1554,synthetic
1555,synthetic
1556,synthetic
1557,synthetic
1558,synthetic
1559,synthetic
1560,synthetic
1561,synthetic
1562,synthetic
1563,synthetic
1564,synthetic
1565,synthetic
1566,synthetic
1567,synthetic
1568,synthetic
1569,synthetic
1570,synthetic
1571,synthetic
1572,synthetic
1573,synthetic
1574,synthetic
1575,synthetic
1576,synthetic
1577,synthetic
1578,synthetic
1579,synthetic
1580,synthetic
1581,synthetic
1582,synthetic
1583,synthetic
1584,synthetic
1585,synthetic
1586,synthetic
1587,synthetic
1588,synthetic
1589,synthetic
1590,synthetic
1591,synthetic
1592,synthetic
1593,synthetic
1594,synthetic
1595,synthetic
1596,synthetic
1597,synthetic
1598,synthetic
1599,synthetic
1600,synthetic
1601,synthetic
1602,synthetic
1603,synthetic
1604,synthetic
1605,synthetic
1606,synthetic
1607,synthetic
1608,synthetic
1609,synthetic
1610,synthetic
1611,synthetic
1612,synthetic
1613,synthetic
1614,synthetic
1615,synthetic
1616,synthetic
1617,synthetic
1618,synthetic
1619,synthetic
1620,synthetic
1621,synthetic
1622,synthetic
1623,synthetic
1624,synthetic
1625,synthetic
1626,synthetic
1627,synthetic
1628,synthetic
1629,synthetic
1630,synthetic
1631,synthetic
1632,synthetic
1633,synthetic
1634,synthetic
1635,synthetic
1636,synthetic
1637,synthetic
1638,synthetic
1639,synthetic
1640,synthetic
1641,synthetic
1642,synthetic
1643,synthetic
1644,synthetic
1645,synthetic
1646,synthetic
1647,synthetic
1648,synthetic
1649,synthetic
1650,synthetic
1651,synthetic
1652,synthetic
1653,synthetic
1654,synthetic
1655,synthetic
1656,synthetic
1657,synthetic
1658,synthetic
1659,synthetic
1660,synthetic
1661,synthetic
1662,synthetic
1663,synthetic
1664,synthetic
1665,synthetic
1666,synthetic
1667,synthetic
1668,synthetic
1669,synthetic
1670,synthetic
1671,synthetic
1672,synthetic
1673,synthetic
1674,synthetic
1675,synthetic
1676,synthetic
1677,synthetic
1678,synthetic
1679,synthetic
1680,synthetic
1681,synthetic
1682,synthetic
1683,synthetic
1684,synthetic
1685,synthetic
1686,synthetic
1687,synthetic
1688,synthetic
1689,synthetic
1690,synthetic
1691,synthetic
1692,synthetic
1693,synthetic
1694,synthetic
1695,synthetic
1696,synthetic
1697,synthetic
1698,synthetic
1699,synthetic
1700,synthetic
1701,synthetic
1702,synthetic
1703,synthetic
1704,synthetic
1705,synthetic
1706,synthetic
1707,synthetic
1708,synthetic
1709,synthetic
1710,synthetic
1711,synthetic
1712,synthetic
1713,synthetic
1714,synthetic
1715,synthetic
1716,synthetic
1717,synthetic
1718,synthetic
1719,synthetic
1720,synthetic
1721,synthetic
1722,synthetic
1723,synthetic
1724,synthetic
1725,synthetic
1726,synthetic
1727,synthetic
1728,synthetic
1729,synthetic
1730,synthetic
1731,synthetic
1732,synthetic
1733,synthetic
1734,synthetic
1735,synthetic
1736,synthetic
1737,synthetic
1738,synthetic
1739,synthetic
1740,synthetic
1741,synthetic
1742,synthetic
1743,synthetic
1744,synthetic
1745,synthetic
1746,synthetic
1747,synthetic
1748,synthetic
1749,synthetic
1750,synthetic
1751,synthetic
1752,synthetic
1753,synthetic
1754,synthetic
1755,synthetic
1756,synthetic
1757,synthetic
1758,synthetic
1759,synthetic
1760,synthetic
1761,synthetic
1762,synthetic
1763,synthetic
1764,synthetic
1765,synthetic
1766,synthetic
1767,synthetic
1768,synthetic
1769,synthetic
1770,synthetic
1771,synthetic
1772,synthetic
1773,synthetic
1774,synthetic
1775,synthetic
1776,synthetic
1777,synthetic
1778,synthetic
1779,synthetic
1780,synthetic
1781,synthetic
1782,synthetic
1783,synthetic
1784,synthetic
1785,synthetic
1786,synthetic
1787,synthetic
1788,synthetic
1789,synthetic
1790,synthetic
1791,synthetic
1792,synthetic
1793,synthetic
1794,synthetic
1795,synthetic
1796,synthetic
1797,synthetic
1798,synthetic
1799,synthetic
1800,synthetic
1801,synthetic
1802,synthetic
1803,synthetic
1804,synthetic
1805,synthetic
1806,synthetic
1807,synthetic
1808,synthetic
1809,synthetic
1810,synthetic
1811,synthetic
1812,synthetic
1813,synthetic
1814,synthetic
1815,synthetic
1816,synthetic
1817,synthetic
1818,synthetic
1819,synthetic
1820,synthetic
1821,synthetic
1822,synthetic
1823,synthetic
1824,synthetic
1825,synthetic
1826,synthetic
1827,synthetic
1828,synthetic
1829,synthetic
1830,synthetic
1831,synthetic
1832,synthetic
1833,synthetic
1834,synthetic
1835,synthetic
1836,synthetic
1837,synthetic
1838,synthetic
1839,synthetic
1840,synthetic
1841,synthetic
1842,synthetic
1843,synthetic
1844,synthetic
1845,synthetic
1846,synthetic
1847,synthetic
1848,synthetic
1849,synthetic
1850,synthetic
1851,synthetic
1852,synthetic
1853,synthetic
1854,synthetic
1855,synthetic
1856,synthetic
1857,synthetic
1858,synthetic
1859,synthetic
1860,synthetic
1861,synthetic
1862,synthetic
1863,synthetic
1864,synthetic
1865,synthetic
1866,synthetic
1867,synthetic
1868,synthetic
1869,synthetic
1870,synthetic
1871,synthetic
1872,synthetic
1873,synthetic
1874,synthetic
1875,synthetic
1876,synthetic
1877,synthetic
1878,synthetic
1879,synthetic
1880,synthetic
1881,synthetic
1882,synthetic
1883,synthetic
1884,synthetic
1885,synthetic
1886,synthetic
1887,synthetic
1888,synthetic
1889,synthetic
1890,synthetic
1891,synthetic
1892,synthetic
1893,synthetic
1894,synthetic
1895,synthetic
1896,synthetic
1897,synthetic
1898,synthetic
1899,synthetic
1900,synthetic
1901,synthetic
1902,synthetic
1903,synthetic
1904,synthetic
1905,synthetic
1906,synthetic
1907,synthetic
1908,synthetic
1909,synthetic
1910,synthetic
1911,synthetic
1912,synthetic
1913,synthetic
1914,synthetic
1915,synthetic
1916,synthetic
1917,synthetic
1918,synthetic
1919,synthetic
1920,synthetic
1921,synthetic
1922,synthetic
1923,synthetic
1924,synthetic
1925,synthetic
1926,synthetic
1927,synthetic
1928,synthetic
1929,synthetic
1930,synthetic
1931,synthetic
1932,synthetic
1933,synthetic
1934,synthetic
1935,synthetic
1936,synthetic
1937,synthetic
1938,synthetic
1939,synthetic
1940,synthetic
1941,synthetic
1942,synthetic
1943,synthetic
1944,synthetic
1945,synthetic
1946,synthetic
1947,synthetic
1948,synthetic
1949,synthetic
1950,synthetic
1951,synthetic
1952,synthetic
1953,synthetic
1954,synthetic
1955,synthetic
1956,synthetic
1957,synthetic
1958,synthetic
1959,synthetic
1960,synthetic
1961,synthetic
1962,synthetic
1963,synthetic
1964,synthetic
1965,synthetic
1966,synthetic
1967,synthetic
1968,synthetic
1969,synthetic
1970,synthetic
1971,synthetic
1972,synthetic
1973,synthetic
1974,synthetic
1975,synthetic
1976,synthetic
1977,synthetic
1978,synthetic
1979,synthetic
1980,synthetic
1981,synthetic
1982,synthetic
1983,synthetic
1984,synthetic
1985,synthetic
1986,synthetic
1987,synthetic
1988,synthetic
1989,synthetic
1990,synthetic
1991,synthetic
1992,synthetic
1993,synthetic
1994,synthetic
1995,synthetic
1996,synthetic
1997,synthetic
1998,synthetic
1999,synthetic
2000,synthetic
2001,synthetic
2002,synthetic
2003,synthetic
2004,synthetic
2005,synthetic
2006,synthetic
2007,synthetic
2008,synthetic
2009,synthetic
2010,synthetic
2011,synthetic
2012,synthetic
2013,synthetic
2014,synthetic
2015,synthetic
2016,synthetic
2017,synthetic
2018,synthetic
2019,synthetic
2020,synthetic
2021,synthetic
2022,synthetic
2023,synthetic
2024,synthetic
2025,synthetic
2026,synthetic
2027,synthetic
2028,synthetic
2029,synthetic
2030,synthetic
2031,synthetic
2032,synthetic
2033,synthetic
2034,synthetic
2035,synthetic
2036,synthetic
2037,synthetic
2038,synthetic
2039,synthetic
2040,synthetic
2041,synthetic
2042,synthetic
2043,synthetic
2044,synthetic
2045,synthetic
2046,synthetic
2047,synthetic
2048,synthetic
2049,synthetic
2050,synthetic
2051,synthetic
2052,synthetic
2053,synthetic
2054,synthetic
2055,synthetic
2056,synthetic
2057,synthetic
2058,synthetic
2059,synthetic
2060,synthetic
2061,synthetic
2062,synthetic
2063,synthetic
2064,synthetic
2065,synthetic
2066,synthetic
2067,synthetic
2068,synthetic
2069,synthetic
2070,synthetic
2071,synthetic
2072,synthetic
2073,synthetic
2074,synthetic
2075,synthetic
2076,synthetic
2077,synthetic
2078,synthetic
2079,synthetic
2080,synthetic
2081,synthetic
2082,synthetic
2083,synthetic
2084,synthetic
2085,synthetic
2086,synthetic
2087,synthetic
2088,synthetic
2089,synthetic
2090,synthetic
2091,synthetic
2092,synthetic
2093,synthetic
2094,synthetic
2095,synthetic
2096,synthetic
2097,synthetic
2098,synthetic
2099,synthetic
2100,synthetic
2101,synthetic
2102,synthetic
2103,synthetic
2104,synthetic
2105,synthetic
2106,synthetic
2107,synthetic
2108,synthetic
2109,synthetic
2110,synthetic
2111,synthetic
2112,synthetic
2113,synthetic
2114,synthetic
2115,synthetic
2116,synthetic
2117,synthetic
2118,synthetic
2119,synthetic
2120,synthetic
2121,synthetic
2122,synthetic
2123,synthetic
2124,synthetic
2125,synthetic
2126,synthetic
2127,synthetic
2128,synthetic
2129,synthetic
2130,synthetic
2131,synthetic
2132,synthetic
2133,synthetic
2134,synthetic
2135,synthetic
2136,synthetic
2137,synthetic
2138,synthetic
2139,synthetic
2140,synthetic
2141,synthetic
2142,synthetic
2143,synthetic
2144,synthetic
2145,synthetic
2146,synthetic
2147,synthetic
2148,synthetic
2149,synthetic
2150,synthetic
2151,synthetic
2152,synthetic
2153,synthetic
2154,synthetic
2155,synthetic
2156,synthetic
2157,synthetic
2158,synthetic
2159,synthetic
2160,synthetic
2161,synthetic
2162,synthetic
2163,synthetic
2164,synthetic
2165,synthetic
2166,synthetic
2167,synthetic
2168,synthetic
2169,synthetic
2170,synthetic
2171,synthetic
2172,synthetic
2173,synthetic
2174,synthetic
2175,synthetic
2176,synthetic
2177,synthetic
2178,synthetic
2179,synthetic
2180,synthetic
2181,synthetic
2182,synthetic
2183,synthetic
2184,synthetic
2185,synthetic
2186,synthetic
2187,synthetic
2188,synthetic
2189,synthetic
2190,synthetic
2191,synthetic
2192,synthetic
2193,synthetic
2194,synthetic
2195,synthetic
2196,synthetic
2197,synthetic
2198,synthetic
2199,synthetic
2200,synthetic
2201,synthetic
2202,synthetic
2203,synthetic
2204,synthetic
2205,synthetic
2206,synthetic
2207,synthetic
2208,synthetic
2209,synthetic
2210,synthetic
2211,synthetic
2212,synthetic
2213,synthetic
2214,synthetic
2215,synthetic
2216,synthetic
2217,synthetic
2218,synthetic
2219,synthetic
2220,synthetic
2221,synthetic
2222,synthetic
2223,synthetic
2224,synthetic
2225,synthetic
2226,synthetic
2227,synthetic
2228,synthetic
2229,synthetic
2230,synthetic
2231,synthetic
2232,synthetic
2233,synthetic
2234,synthetic
2235,synthetic
2236,synthetic
2237,synthetic
2238,synthetic
2239,synthetic
2240,synthetic
2241,synthetic
2242,synthetic
2243,synthetic
2244,synthetic
2245,synthetic
2246,synthetic
2247,synthetic
2248,synthetic
2249,synthetic
2250,synthetic
2251,synthetic
2252,synthetic
2253,synthetic
2254,synthetic
2255,synthetic
2256,synthetic
2257,synthetic
2258,synthetic
2259,synthetic
2260,synthetic
2261,synthetic
2262,synthetic
2263,synthetic
2264,synthetic
2265,synthetic
2266,synthetic
2267,synthetic
2268,synthetic
2269,synthetic
2270,synthetic
2271,synthetic
2272,synthetic
2273,synthetic
2274,synthetic
2275,synthetic
2276,synthetic
2277,synthetic
2278,synthetic
2279,synthetic
2280,synthetic
2281,synthetic
2282,synthetic
2283,synthetic
2284,synthetic
2285,synthetic
2286,synthetic
2287,synthetic
2288,synthetic
2289,synthetic
2290,synthetic
2291,synthetic
2292,synthetic
2293,synthetic
2294,synthetic
2295,synthetic
2296,synthetic
2297,synthetic
2298,synthetic
2299,synthetic
2300,synthetic
2301,synthetic
2302,synthetic
2303,synthetic
2304,synthetic
2305,synthetic
2306,synthetic
2307,synthetic
2308,synthetic
2309,synthetic
2310,synthetic
2311,synthetic
2312,synthetic
2313,synthetic
2314,synthetic
2315,synthetic
2316,synthetic
2317,synthetic
2318,synthetic
2319,synthetic
2320,synthetic
2321,synthetic
2322,synthetic
2323,synthetic
2324,synthetic
2325,synthetic
2326,synthetic
2327,synthetic
2328,synthetic
2329,synthetic
2330,synthetic
2331,synthetic
2332,synthetic
2333,synthetic
2334,synthetic
2335,synthetic
2336,synthetic
2337,synthetic
2338,synthetic
2339,synthetic
2340,synthetic
2341,synthetic
2342,synthetic
2343,synthetic
2344,synthetic
2345,synthetic
2346,synthetic
2347,synthetic
2348,synthetic
2349,synthetic
2350,synthetic
2351,synthetic
2352,synthetic
2353,synthetic
2354,synthetic
2355,synthetic
2356,synthetic
2357,synthetic
2358,synthetic
2359,synthetic
2360,synthetic
2361,synthetic
2362,synthetic
2363,synthetic
2364,synthetic
2365,synthetic
2366,synthetic
2367,synthetic
2368,synthetic
2369,synthetic
2370,synthetic
2371,synthetic
2372,synthetic
2373,synthetic
2374,synthetic
2375,synthetic
2376,synthetic
2377,synthetic
2378,synthetic
2379,synthetic
2380,synthetic
2381,synthetic
2382,synthetic
2383,synthetic
2384,synthetic
2385,synthetic
2386,synthetic
2387,synthetic
2388,synthetic
2389,synthetic
2390,synthetic
2391,synthetic
2392,synthetic
2393,synthetic
2394,synthetic
2395,synthetic
2396,synthetic
2397,synthetic
2398,synthetic
2399,synthetic
2400,synthetic
2401,synthetic
2402,synthetic
2403,synthetic
2404,synthetic
2405,synthetic
2406,synthetic
2407,synthetic
2408,synthetic
2409,synthetic
2410,synthetic
2411,synthetic
2412,synthetic
2413,synthetic
2414,synthetic
2415,synthetic
2416,synthetic
2417,synthetic
2418,synthetic
2419,synthetic
2420,synthetic
2421,synthetic
2422,synthetic
2423,synthetic
2424,synthetic
2425,synthetic
2426,synthetic
2427,synthetic
2428,synthetic
2429,synthetic
2430,synthetic
2431,synthetic
2432,synthetic
2433,synthetic
2434,synthetic
2435,synthetic
2436,synthetic
2437,synthetic
2438,synthetic
2439,synthetic
2440,synthetic
2441,synthetic
2442,synthetic
2443,synthetic
2444,synthetic
2445,synthetic
2446,synthetic
2447,synthetic
2448,synthetic
2449,synthetic
2450,synthetic
2451,synthetic
2452,synthetic
2453,synthetic
2454,synthetic
2455,synthetic
2456,synthetic
2457,synthetic
2458,synthetic
2459,synthetic
2460,synthetic
2461,synthetic
2462,synthetic
2463,synthetic
2464,synthetic
2465,synthetic
2466,synthetic
2467,synthetic
2468,synthetic
2469,synthetic
2470,synthetic
2471,synthetic
2472,synthetic
2473,synthetic
2474,synthetic
2475,synthetic
2476,synthetic
2477,synthetic
2478,synthetic
2479,synthetic
2480,synthetic
2481,synthetic
2482,synthetic
2483,synthetic
2484,synthetic
2485,synthetic
2486,synthetic
2487,synthetic
2488,synthetic
2489,synthetic
2490,synthetic
2491,synthetic
2492,synthetic
2493,synthetic
2494,synthetic
2495,synthetic
2496,synthetic
2497,synthetic
2498,synthetic
2499,synthetic
2500,synthetic
2501,synthetic
2502,synthetic
2503,synthetic
2504,synthetic
2505,synthetic
2506,synthetic
2507,synthetic
2508,synthetic
2509,synthetic
2510,synthetic
2511,synthetic
2512,synthetic
2513,synthetic
2514,synthetic
2515,synthetic
2516,synthetic
2517,synthetic
2518,synthetic
2519,synthetic
2520,synthetic
2521,synthetic
2522,synthetic
2523,synthetic
2524,synthetic
2525,synthetic
2526,synthetic
2527,synthetic
2528,synthetic
2529,synthetic
2530,synthetic
2531,synthetic
2532,synthetic
2533,synthetic
2534,synthetic
2535,synthetic
2536,synthetic
2537,synthetic
2538,synthetic
2539,synthetic
2540,synthetic
2541,synthetic
2542,synthetic
2543,synthetic
2544,synthetic
2545,synthetic
2546,synthetic
2547,synthetic
2548,synthetic
2549,synthetic
2550,synthetic
2551,synthetic
2552,synthetic
2553,synthetic
2554,synthetic
2555,synthetic
2556,synthetic
2557,synthetic
2558,synthetic
2559,synthetic
2560,synthetic
2561,synthetic
2562,synthetic
2563,synthetic
2564,synthetic
2565,synthetic
2566,synthetic
2567,synthetic
2568,synthetic
2569,synthetic
2570,synthetic
2571,synthetic
2572,synthetic
2573,synthetic
2574,synthetic
2575,synthetic
2576,synthetic
2577,synthetic
2578,synthetic
2579,synthetic
2580,synthetic
2581,synthetic
2582,synthetic
2583,synthetic
2584,synthetic
2585,synthetic
2586,synthetic
2587,synthetic
2588,synthetic
2589,synthetic
2590,synthetic
2591,synthetic
2592,synthetic
2593,synthetic
2594,synthetic
2595,synthetic
2596,synthetic
2597,synthetic
2598,synthetic
2599,synthetic
2600,synthetic
2601,synthetic
2602,synthetic
2603,synthetic
2604,synthetic
2605,synthetic
2606,synthetic
2607,synthetic
2608,synthetic
2609,synthetic
2610,synthetic
2611,synthetic
2612,synthetic
2613,synthetic
2614,synthetic
2615,synthetic
2616,synthetic
2617,synthetic
2618,synthetic
2619,synthetic
2620,synthetic
2621,synthetic
2622,synthetic
2623,synthetic
2624,synthetic
2625,synthetic
2626,synthetic
2627,synthetic
2628,synthetic
2629,synthetic
2630,synthetic
2631,synthetic
2632,synthetic
2633,synthetic
2634,synthetic
2635,synthetic
2636,synthetic
2637,synthetic
2638,synthetic
2639,synthetic
2640,synthetic
2641,synthetic
2642,synthetic
2643,synthetic
2644,synthetic
2645,synthetic
2646,synthetic
2647,synthetic
2648,synthetic
2649,synthetic
2650,synthetic
2651,synthetic
2652,synthetic
2653,synthetic
2654,synthetic
2655,synthetic
2656,synthetic
2657,synthetic
2658,synthetic
2659,synthetic
2660,synthetic
2661,synthetic
2662,synthetic
2663,synthetic
2664,synthetic
2665,synthetic
2666,synthetic
2667,synthetic
2668,synthetic
2669,synthetic
2670,synthetic
2671,synthetic
2672,synthetic
2673,synthetic
2674,synthetic
2675,synthetic
2676,synthetic
2677,synthetic
2678,synthetic
2679,synthetic
2680,synthetic
2681,synthetic
2682,synthetic
2683,synthetic
2684,synthetic
2685,synthetic
2686,synthetic
2687,synthetic
2688,synthetic
2689,synthetic
2690,synthetic
2691,synthetic
2692,synthetic
2693,synthetic
2694,synthetic
2695,synthetic
2696,synthetic
2697,synthetic
2698,synthetic
2699,synthetic
2700,synthetic
2701,synthetic
2702,synthetic
2703,synthetic
2704,synthetic
2705,synthetic
2706,synthetic
2707,synthetic
2708,synthetic
2709,synthetic
2710,synthetic
2711,synthetic
2712,synthetic
2713,synthetic
2714,synthetic
2715,synthetic
2716,synthetic
2717,synthetic
2718,synthetic
2719,synthetic
2720,synthetic
2721,synthetic
2722,synthetic
2723,synthetic
2724,synthetic
2725,synthetic
2726,synthetic
2727,synthetic
2728,synthetic
2729,synthetic
2730,synthetic
2731,synthetic
2732,synthetic
2733,synthetic
2734,synthetic
2735,synthetic
2736,synthetic
2737,synthetic
2738,synthetic
2739,synthetic
2740,synthetic
2741,synthetic
2742,synthetic
2743,synthetic
2744,synthetic
2745,synthetic
2746,synthetic
2747,synthetic
2748,synthetic
2749,synthetic
2750,synthetic
2751,synthetic
2752,synthetic
2753,synthetic
2754,synthetic
2755,synthetic
2756,synthetic
2757,synthetic
2758,synthetic
2759,synthetic
2760,synthetic
2761,synthetic
2762,synthetic
2763,synthetic
2764,synthetic
2765,synthetic
2766,synthetic
2767,synthetic
2768,synthetic
2769,synthetic
2770,synthetic
2771,synthetic
2772,synthetic
2773,synthetic
2774,synthetic
2775,synthetic
2776,synthetic
2777,synthetic
2778,synthetic
2779,synthetic
2780,synthetic
2781,synthetic
2782,synthetic
2783,synthetic
2784,synthetic
2785,synthetic
2786,synthetic
2787,synthetic
2788,synthetic
2789,synthetic
2790,synthetic
2791,synthetic
2792,synthetic
2793,synthetic
2794,synthetic
2795,synthetic
2796,synthetic
2797,synthetic
2798,synthetic
2799,synthetic
2800,synthetic
2801,synthetic
2802,synthetic
2803,synthetic
2804,synthetic
2805,synthetic
2806,synthetic
2807,synthetic
2808,synthetic
2809,synthetic
2810,synthetic
2811,synthetic
2812,synthetic
2813,synthetic
2814,synthetic
2815,synthetic
2816,synthetic
2817,synthetic
2818,synthetic
2819,synthetic
2820,synthetic
2821,synthetic
2822,synthetic
2823,synthetic
2824,synthetic
2825,synthetic
2826,synthetic
2827,synthetic
2828,synthetic
2829,synthetic
2830,synthetic
2831,synthetic
2832,synthetic
2833,synthetic
2834,synthetic
2835,synthetic
2836,synthetic
2837,synthetic
2838,synthetic
2839,synthetic
2840,synthetic
2841,synthetic
2842,synthetic
2843,synthetic
2844,synthetic
2845,synthetic
2846,synthetic
2847,synthetic
2848,synthetic
2849,synthetic
2850,synthetic
2851,synthetic
2852,synthetic
2853,synthetic
2854,synthetic
2855,synthetic
2856,synthetic
2857,synthetic
2858,synthetic
2859,synthetic
2860,synthetic
2861,synthetic
2862,synthetic
2863,synthetic
2864,synthetic
2865,synthetic
2866,synthetic
2867,synthetic
2868,synthetic
2869,synthetic
2870,synthetic
2871,synthetic
2872,synthetic
2873,synthetic
2874,synthetic
2875,synthetic
2876,synthetic
2877,synthetic
2878,synthetic
2879,synthetic
2880,synthetic
2881,synthetic
2882,synthetic
2883,synthetic
2884,synthetic
2885,synthetic
2886,synthetic
2887,synthetic
2888,synthetic
2889,synthetic
2890,synthetic
2891,synthetic
2892,synthetic
2893,synthetic
2894,synthetic
2895,synthetic
2896,synthetic
2897,synthetic
2898,synthetic
2899,synthetic
2900,synthetic
2901,synthetic
2902,synthetic
2903,synthetic
2904,synthetic
2905,synthetic
2906,synthetic
2907,synthetic
2908,synthetic
2909,synthetic
2910,synthetic
2911,synthetic
2912,synthetic
2913,synthetic
2914,synthetic
2915,synthetic
2916,synthetic
2917,synthetic
2918,synthetic
2919,synthetic
2920,synthetic
2921,synthetic
2922,synthetic
2923,synthetic
2924,synthetic
2925,synthetic
2926,synthetic
2927,synthetic
2928,synthetic
2929,synthetic
2930,synthetic
2931,synthetic
2932,synthetic
2933,synthetic
2934,synthetic
2935,synthetic
2936,synthetic
2937,synthetic
2938,synthetic
2939,synthetic
2940,synthetic
2941,synthetic
2942,synthetic
2943,synthetic
2944,synthetic
2945,synthetic
2946,synthetic
2947,synthetic
2948,synthetic
2949,synthetic
2950,synthetic
2951,synthetic
2952,synthetic
2953,synthetic
2954,synthetic
2955,synthetic
2956,synthetic
2957,synthetic
2958,synthetic
2959,synthetic
2960,synthetic
2961,synthetic
2962,synthetic
2963,synthetic
2964,synthetic
2965,synthetic
2966,synthetic
2967,synthetic
2968,synthetic
2969,synthetic
2970,synthetic
2971,synthetic
2972,synthetic
2973,synthetic
2974,synthetic
2975,synthetic
2976,synthetic
2977,synthetic
2978,synthetic
2979,synthetic
2980,synthetic
2981,synthetic
2982,synthetic
2983,synthetic
2984,synthetic
2985,synthetic
2986,synthetic
2987,synthetic
2988,synthetic
2989,synthetic
2990,synthetic
2991,synthetic
2992,synthetic
2993,synthetic
2994,synthetic
2995,synthetic
2996,synthetic
2997,synthetic
2998,synthetic
2999,synthetic
3000,synthetic
3001,synthetic
3002,synthetic
3003,synthetic
3004,synthetic
3005,synthetic
3006,synthetic
3007,synthetic
3008,synthetic
3009,synthetic
3010,synthetic
3011,synthetic
3012,synthetic
3013,synthetic
3014,synthetic
3015,synthetic
3016,synthetic
3017,synthetic
3018,synthetic
